{"stats":{"minecraft:used":{"minecraft:iron_helmet":1,"minecraft:iron_boots":1},"minecraft:mined":{"minecraft:short_grass":1,"minecraft:hay_block":21,"minecraft:oak_leaves":2},"minecraft:custom":{"minecraft:jump":93,"minecraft:time_since_rest":2399,"minecraft:leave_game":4,"minecraft:play_time":8331,"minecraft:sprint_one_cm":14334,"minecraft:time_since_death":8331,"minecraft:walk_one_cm":8952,"minecraft:sleep_in_bed":1,"minecraft:sneak_time":5,"minecraft:total_world_time":8331,"minecraft:talked_to_villager":1,"minecraft:fall_one_cm":2508,"minecraft:fly_one_cm":19767,"minecraft:open_chest":1},"minecraft:picked_up":{"minecraft:hay_block":21}},"DataVersion":3953}