{"stats":{"minecraft:killed":{"mutationcraft:necroptor":1,"mutationcraft:assimilated_human":1,"mutationcraft:assimilated_jockey":1,"minecraft:zombie":2,"mutationcraft:assimilated_roamer":1},"minecraft:crafted":{"minecraft:oak_planks":24,"minecraft:stone_shovel":1,"butchersdelight:hook":1,"minecraft:crafting_table":2,"minecraft:iron_nugget":9,"farmersdelight:iron_knife":1,"minecraft:wooden_pickaxe":1,"minecraft:furnace":2,"minecraft:bucket":1,"minecraft:campfire":1,"minecraft:stone_axe":2,"minecraft:air":0,"minecraft:jungle_planks":208,"butchersdelight:roaster":1,"minecraft:stick":40,"minecraft:iron_ingot":2,"minecraft:stone_pickaxe":3,"minecraft:stone_sword":1,"minecraft:torch":64},"minecraft:broken":{"minecraft:stone_pickaxe":2},"minecraft:dropped":{"farmersdelight:iron_knife":1,"minecraft:chicken":1,"butchersdelight:skullcow":1,"minecraft:wooden_pickaxe":1,"butchersdelight:cow_hide":2},"minecraft:picked_up":{"minecraft:charcoal":2,"minecraft:feather":19,"minecraft:chicken":20,"minecraft:andesite":11,"minecraft:flower_pot":1,"minecraft:jungle_log":58,"minecraft:oak_stairs":1,"butchersdelight:deadpig":7,"minecraft:tuff":3,"minecraft:oak_log":6,"minecraft:yellow_bed":2,"minecraft:dirt":18,"minecraft:bone":11,"butchersdelight:dead_cow":3,"minecraft:wheat_seeds":4,"minecraft:cobbled_deepslate":9,"minecraft:iron_ingot":3,"minecraft:beef":6,"minecraft:cooked_chicken":9,"minecraft:oak_planks":12,"minecraft:raw_iron":22,"minecraft:cooked_porkchop":3,"minecraft:oak_fence":1,"minecraft:torch":2,"minecraft:dandelion":1,"minecraft:gravel":2,"butchersdelight:skullcow":6,"butchersdelight:cow_hide":2,"minecraft:porkchop":8,"minecraft:jungle_planks":3,"minecraft:diorite":13,"farmersdelight:ham":1,"minecraft:granite":8,"butchersdelight:hook":1,"butchersdelight:roaster":1,"minecraft:coal":115,"minecraft:cobblestone":130},"minecraft:mined":{"butchersdelight:hookedpigp_3":1,"minecraft:tuff":3,"minecraft:granite":8,"minecraft:grass_block":3,"minecraft:jungle_planks":3,"minecraft:jungle_log":63,"minecraft:campfire":1,"minecraft:cobblestone":1,"minecraft:oak_planks":14,"butchersdelight:deadpigblock":1,"minecraft:diorite":13,"minecraft:iron_ore":17,"minecraft:fire":1,"minecraft:andesite":11,"minecraft:yellow_bed":2,"minecraft:grass":39,"minecraft:coal_ore":115,"minecraft:oak_log":5,"minecraft:deepslate_iron_ore":5,"minecraft:vine":4,"minecraft:oak_stairs":1,"minecraft:gravel":2,"minecraft:dirt":13,"butchersdelight:skullcow":1,"minecraft:stone":131,"minecraft:deepslate":25,"minecraft:fern":4},"minecraft:custom":{"minecraft:interact_with_furnace":8,"minecraft:mob_kills":6,"minecraft:interact_with_crafting_table":14,"minecraft:interact_with_campfire":4,"minecraft:leave_game":1,"minecraft:time_since_death":53721,"minecraft:sleep_in_bed":3,"minecraft:climb_one_cm":1109,"minecraft:time_since_rest":15091,"minecraft:sprint_one_cm":92647,"minecraft:damage_taken":765,"minecraft:walk_one_cm":163357,"minecraft:drop":6,"minecraft:damage_dealt":2700,"minecraft:swim_one_cm":1231,"minecraft:fly_one_cm":144684,"minecraft:open_chest":1,"minecraft:crouch_one_cm":13758,"minecraft:play_time":53721,"minecraft:sneak_time":5083,"minecraft:walk_under_water_one_cm":2534,"minecraft:jump":862,"minecraft:walk_on_water_one_cm":1099,"minecraft:total_world_time":53721,"minecraft:fall_one_cm":29288},"minecraft:used":{"minecraft:water_bucket":2,"minecraft:stone_sword":84,"minecraft:stone_shovel":14,"minecraft:stone_pickaxe":318,"minecraft:wooden_pickaxe":17,"butchersdelight:hook":2,"minecraft:cooked_chicken":9,"minecraft:torch":66,"butchersdelight:skullcow":4,"minecraft:dirt":2,"minecraft:crafting_table":2,"minecraft:jungle_planks":160,"minecraft:campfire":1,"minecraft:tuff":3,"butchersdelight:roaster":1,"farmersdelight:ham":1,"minecraft:stone_axe":87,"minecraft:cobblestone":31,"minecraft:furnace":2,"minecraft:cooked_porkchop":3,"minecraft:bucket":2,"minecraft:yellow_bed":2,"minecraft:dandelion":1}},"DataVersion":3120}