{"stats":{"minecraft:killed":{"mutationcraft:assimilated_spider":1,"mutationcraft:assimilated_sheep":1,"mutationcraft:assimilated_human":7,"minecraft:zombie":1,"mutationcraft:assimilated_wolf":1,"minecraft:tropical_fish":2},"minecraft:crafted":{"minecraft:oak_planks":32,"minecraft:crafting_table":1,"minecraft:wooden_pickaxe":1,"minecraft:cooked_chicken":55,"minecraft:furnace":1,"minecraft:bucket":1,"minecraft:stone_axe":1,"minecraft:air":0,"minecraft:jungle_planks":28,"minecraft:jungle_door":3,"minecraft:stick":8,"minecraft:iron_ingot":18,"minecraft:stone_pickaxe":1,"minecraft:stone_sword":1,"minecraft:torch":4},"minecraft:broken":{"minecraft:stone_sword":1},"minecraft:dropped":{"farmersdelight:iron_knife":1,"minecraft:cooked_porkchop":2,"minecraft:bone":6},"minecraft:picked_up":{"minecraft:crafting_table":5,"minecraft:feather":1,"minecraft:cooked_beef":7,"minecraft:chicken":1,"minecraft:jungle_log":7,"minecraft:andesite":2,"minecraft:smoker":1,"minecraft:oak_stairs":2,"minecraft:potato":5,"butchersdelight:deadpig":3,"minecraft:tuff":1,"minecraft:oak_log":8,"minecraft:yellow_bed":1,"minecraft:lapis_lazuli":15,"minecraft:dirt":2,"butchersdelight:deadchiken":1,"minecraft:bone":15,"butchersdelight:dead_cow":4,"farmersdelight:iron_knife":1,"minecraft:apple":1,"minecraft:wheat_seeds":4,"minecraft:cobbled_deepslate":34,"minecraft:beef":7,"minecraft:bamboo":18,"minecraft:melon_slice":42,"minecraft:chest":1,"minecraft:oak_planks":2,"minecraft:furnace":3,"minecraft:raw_iron":10,"minecraft:jungle_door":2,"minecraft:cooked_porkchop":7,"minecraft:pumpkin":1,"minecraft:torch":7,"mutationcraft:putrid_claw":16,"butchersdelight:skullcow":4,"minecraft:gravel":20,"butchersdelight:cow_hide":2,"minecraft:porkchop":1,"minecraft:jungle_planks":14,"minecraft:sand":1,"minecraft:diorite":2,"minecraft:white_bed":1,"minecraft:arrow":2,"minecraft:rotten_flesh":4,"minecraft:tropical_fish":2,"minecraft:beetroot_seeds":1,"minecraft:oak_sapling":2,"butchersdelight:hook":1,"minecraft:coal":78,"minecraft:white_wool":3,"minecraft:cobblestone":20},"minecraft:mined":{"minecraft:tuff":1,"minecraft:white_bed":1,"minecraft:jungle_door":2,"minecraft:crafting_table":5,"minecraft:grass_block":2,"minecraft:melon":8,"minecraft:jungle_planks":14,"minecraft:chest":1,"minecraft:jungle_log":7,"minecraft:oak_planks":2,"butchersdelight:deadchickenblock":1,"minecraft:wall_torch":2,"minecraft:furnace":3,"minecraft:cobbled_deepslate":1,"minecraft:iron_ore":2,"minecraft:andesite":2,"minecraft:pumpkin":1,"minecraft:deepslate_lapis_ore":2,"minecraft:yellow_bed":1,"minecraft:oak_log":8,"minecraft:grass":9,"minecraft:potatoes":1,"butchersdelight:hook":1,"minecraft:coal_ore":40,"minecraft:deepslate_iron_ore":8,"minecraft:beetroots":1,"minecraft:sand":1,"minecraft:bamboo_sapling":1,"butchersdelight:skullcow":3,"minecraft:bamboo":1,"minecraft:stone":21,"minecraft:oak_leaves":6,"minecraft:deepslate":21,"minecraft:fern":2},"minecraft:custom":{"minecraft:interact_with_furnace":14,"minecraft:mob_kills":13,"minecraft:interact_with_crafting_table":9,"minecraft:interact_with_campfire":6,"minecraft:leave_game":3,"minecraft:time_since_death":64166,"minecraft:sleep_in_bed":1,"minecraft:climb_one_cm":1408,"minecraft:time_since_rest":28063,"minecraft:sprint_one_cm":75544,"minecraft:damage_taken":750,"minecraft:walk_one_cm":249190,"minecraft:drop":8,"minecraft:damage_dealt":4499,"minecraft:swim_one_cm":26850,"minecraft:fly_one_cm":99338,"minecraft:open_chest":21,"minecraft:crouch_one_cm":1350,"minecraft:play_time":64166,"minecraft:sneak_time":900,"minecraft:walk_under_water_one_cm":38328,"minecraft:jump":767,"minecraft:walk_on_water_one_cm":9782,"minecraft:interact_with_smoker":5,"minecraft:total_world_time":64166,"minecraft:fall_one_cm":19283},"minecraft:used":{"minecraft:water_bucket":38,"minecraft:stone_sword":125,"minecraft:stone_pickaxe":97,"minecraft:oak_planks":2,"minecraft:chest":1,"minecraft:wooden_pickaxe":7,"butchersdelight:hook":1,"minecraft:cooked_chicken":3,"minecraft:rotten_flesh":2,"minecraft:torch":6,"minecraft:dirt":2,"butchersdelight:skullcow":2,"minecraft:crafting_table":6,"minecraft:jungle_planks":25,"minecraft:white_bed":1,"minecraft:tuff":1,"minecraft:smoker":1,"minecraft:bamboo":1,"minecraft:stone_axe":62,"minecraft:oak_sapling":1,"minecraft:furnace":4,"minecraft:cooked_porkchop":3,"minecraft:bucket":39,"minecraft:jungle_door":2,"minecraft:andesite":1,"minecraft:yellow_bed":1,"minecraft:cobbled_deepslate":12,"minecraft:cooked_beef":3}},"DataVersion":3120}