{
  "minecraft:recipes/decorations/crafting_table": {
    "criteria": {
      "unlock_right_away": "2024-12-02 22:24:19 +0000"
    },
    "done": true
  },
  "senti:register": {
    "criteria": {
      "requirement": "2024-12-02 22:24:19 +0000"
    },
    "done": true
  },
  "backpacks:tree/root": {
    "criteria": {
      "requirement": "2024-12-02 22:24:19 +0000"
    },
    "done": true
  },
  "senti:tick": {
    "criteria": {
      "requirement": "2024-12-02 22:24:19 +0000"
    },
    "done": true
  },
  "minecraft:adventure/adventuring_time": {
    "criteria": {
      "minecraft:plains": "2024-12-02 22:24:20 +0000"
    },
    "done": false
  },
  "DataVersion": 3953
}