{
  "minecraft:recipes/decorations/crafting_table": {
    "criteria": {
      "unlock_right_away": "2024-12-05 02:36:21 +0000"
    },
    "done": true
  },
  "senti:register": {
    "criteria": {
      "requirement": "2024-12-05 02:36:21 +0000"
    },
    "done": true
  },
  "backpacks:tree/root": {
    "criteria": {
      "requirement": "2024-12-05 02:36:21 +0000"
    },
    "done": true
  },
  "senti:tick": {
    "criteria": {
      "requirement": "2024-12-05 02:36:21 +0000"
    },
    "done": true
  },
  "DataVersion": 3953
}